<?xml version="1.0" encoding="UTF-8"?><metadata>
<idinfo>
<citation>
<citeinfo>
<title>Safe_Streets_072418</title>
<geoform>vector digital data</geoform>
</citeinfo>
</citation>
<descript>
<abstract>Safe streets are places where vehicle dwelling is allowed, per LAMC 85.02. Streets are coded into the following categories:Red = No vehicle dwelling anytimeYellow = No vehicle dwelling overnight between 9:00PM – 6:00AM, must comply with all posted parking restrictionsGreen = Vehicle dwelling allowed, must comply with all posted parking restrictionsPersons may live in a vehicle:Daytime Hours – between 6:00 a.m. and 9:00 p.m. – more than one block (500 feet) away from licensed schools, pre-schools, daycare facilities, or parks;Nighttime Hours –  between  9:00 p.m. and 6:00 a.m. – in non-residentially zoned areas which are more than one block (500 feet) away from licensed schools, pre-schools or daycare facilities or parks.Living in a vehicle (vehicle dwelling) is prohibited at all times within one block (500 feet) of licensed schools, pre-schools, daycare facilities, or parks. This map is provided to assist the public to identify streets where living in a vehicle would be allowed based on the underlying zoning and distancing from licensed schools, pre-schools, daycare facilities, and parks.NOTE: The map does not contain street-by-street information related to posted parking restrictions. Therefore, it is important for all persons living in their vehicles to verify all surrounding posted parking restrictions before engaging in activities associated with vehicle dwelling.</abstract>
<purpose>Streets where vehicle dwelling is allowed</purpose>
</descript>
<spdom>
<bounding>
<westbc>-139.406628</westbc>
<eastbc>-118.146504</eastbc>
<northbc>34.338111</northbc>
<southbc>27.196010</southbc>
</bounding>
</spdom>
<keywords>
<theme>
<themekt>None</themekt>
<themekey>Safe Streets</themekey>
<themekey>Parking</themekey>
<themekey>Vehicle Dwelling</themekey>
<themekey>LAMC</themekey>
<themekey>Los Angeles Municipal Code</themekey>
</theme>
</keywords>
<accconst>None</accconst>
<useconst>General reminder:Vehicles must comply with all posted parking restrictions at all times.All vehicles driven or parked on a California street, road or highway must be registered with the Department of Motor Vehicles (DMV) and insured. You may qualify for the California Low-Cost Automobile Insurance Program. Information is available on the Department of Insurance website or by calling 1-866-602-8861.Any vehicle that has been parked on a city street or highway for 72 hours or more can be reported as an abandoned vehicle.Parking in alleys is illegal at all times.Vehicles without an engine, wheels, or some other part necessary for safely driving the vehicle are subject to immediate impounding.Learn more about Los Angeles Municipal Code (LAMC) 85.02 – Vehicle Dwelling</useconst>
<native> Version 6.2 (Build 9200) ; Esri ArcGIS 10.5.1.7333</native>
</idinfo>
<spdoinfo>
<direct>Vector</direct>
<ptvctinf>
<sdtsterm>
<sdtstype>String</sdtstype>
<ptvctcnt>0</ptvctcnt>
</sdtsterm>
</ptvctinf>
</spdoinfo>
<eainfo>
<detailed>
<enttyp>
<enttypl>Safe_Streets_072418</enttypl>
</enttyp>
<attr>
<attrlabl>FID</attrlabl>
<attrdef>Internal feature number.</attrdef>
<attrdefs>Esri</attrdefs>
<attrdomv>
<udom>Sequential unique whole numbers that are automatically generated.</udom>
</attrdomv>
</attr>
<attr>
<attrlabl>SHAPE</attrlabl>
<attrdef>Feature geometry.</attrdef>
<attrdefs>ESRI</attrdefs>
<attrdomv>
<udom>Coordinates defining the features.</udom>
</attrdomv>
</attr>
<attr>
<attrlabl>CPA_1</attrlabl>
</attr>
<attr>
<attrlabl>CPA_2</attrlabl>
</attr>
<attr>
<attrlabl>STNAME</attrlabl>
</attr>
<attr>
<attrlabl>ZIP_R</attrlabl>
</attr>
<attr>
<attrlabl>ZIP_L</attrlabl>
</attr>
<attr>
<attrlabl>TDIR</attrlabl>
</attr>
<attr>
<attrlabl>STSFX</attrlabl>
</attr>
<attr>
<attrlabl>FRONTAGE</attrlabl>
</attr>
<attr>
<attrlabl>ROWDBL</attrlabl>
</attr>
<attr>
<attrlabl>RDDBL</attrlabl>
</attr>
<attr>
<attrlabl>SOURCE</attrlabl>
</attr>
<attr>
<attrlabl>MULT</attrlabl>
</attr>
<attr>
<attrlabl>Color</attrlabl>
</attr>
<attr>
<attrlabl>Display</attrlabl>
</attr>
<attr>
<attrlabl>Shape_Leng</attrlabl>
</attr>
</detailed>
</eainfo>
<distinfo>
<distliab>See access and use constraints information.</distliab>
<stdorder>
<digform>
<digtinfo>
<formname>Feature Class</formname>
</digtinfo>
<digtopt/>
</digform>
</stdorder>
</distinfo>
<metainfo>
<metd>20180726</metd>
<metstdn>FGDC Content Standard for Digital Geospatial Metadata</metstdn>
<metstdv>FGDC-STD-001-1998</metstdv>
<mettc>local time</mettc>
</metainfo>
</metadata>
